monthNameDay,monthDayYear,monthNameDayYear,dayYear,yearQuarterMonthWeekDay,dayFrom1900,calendarWeekOfMonth,noncalendarWeekOfMonth,calendarWeekOfQuarter,noncalendarWeekOfQuarter
January 01,1/1/2019,"January 01, 2019",1/2019,2019101101,43466,0,1,0,1
January 02,1/2/2019,"January 02, 2019",2/2019,2019101102,43467,0,1,0,1
January 03,1/3/2019,"January 03, 2019",3/2019,2019101103,43468,0,1,0,1
January 04,1/4/2019,"January 04, 2019",4/2019,2019101104,43469,0,1,0,1
January 05,1/5/2019,"January 05, 2019",5/2019,2019101105,43470,0,1,0,1
January 06,1/6/2019,"January 06, 2019",6/2019,2019101106,43471,1,1,1,1
January 07,1/7/2019,"January 07, 2019",7/2019,2019101107,43472,1,1,1,1
January 08,1/8/2019,"January 08, 2019",8/2019,2019101208,43473,1,2,1,2
January 09,1/9/2019,"January 09, 2019",9/2019,2019101209,43474,1,2,1,2
January 10,1/10/2019,"January 10, 2019",10/2019,2019101210,43475,1,2,1,2
January 11,1/11/2019,"January 11, 2019",11/2019,2019101211,43476,1,2,1,2
January 12,1/12/2019,"January 12, 2019",12/2019,2019101212,43477,1,2,1,2
January 13,1/13/2019,"January 13, 2019",13/2019,2019101213,43478,2,2,2,2
January 14,1/14/2019,"January 14, 2019",14/2019,2019101214,43479,2,2,2,2
January 15,1/15/2019,"January 15, 2019",15/2019,2019101315,43480,2,3,2,3
January 16,1/16/2019,"January 16, 2019",16/2019,2019101316,43481,2,3,2,3
January 17,1/17/2019,"January 17, 2019",17/2019,2019101317,43482,2,3,2,3
January 18,1/18/2019,"January 18, 2019",18/2019,2019101318,43483,2,3,2,3
January 19,1/19/2019,"January 19, 2019",19/2019,2019101319,43484,2,3,2,3
January 20,1/20/2019,"January 20, 2019",20/2019,2019101320,43485,3,3,3,3
January 21,1/21/2019,"January 21, 2019",21/2019,2019101321,43486,3,3,3,3
January 22,1/22/2019,"January 22, 2019",22/2019,2019101422,43487,3,4,3,4
January 23,1/23/2019,"January 23, 2019",23/2019,2019101423,43488,3,4,3,4
January 24,1/24/2019,"January 24, 2019",24/2019,2019101424,43489,3,4,3,4
January 25,1/25/2019,"January 25, 2019",25/2019,2019101425,43490,3,4,3,4
January 26,1/26/2019,"January 26, 2019",26/2019,2019101426,43491,3,4,3,4
January 27,1/27/2019,"January 27, 2019",27/2019,2019101427,43492,4,4,4,4
January 28,1/28/2019,"January 28, 2019",28/2019,2019101428,43493,4,4,4,4
January 29,1/29/2019,"January 29, 2019",29/2019,2019101529,43494,4,5,4,5
January 30,1/30/2019,"January 30, 2019",30/2019,2019101530,43495,4,5,4,5
January 31,1/31/2019,"January 31, 2019",31/2019,2019101531,43496,4,5,4,5
February 01,2/1/2019,"February 01, 2019",32/2019,2019102101,43497,0,1,4,5
February 02,2/2/2019,"February 02, 2019",33/2019,2019102102,43498,0,1,4,5
February 03,2/3/2019,"February 03, 2019",34/2019,2019102103,43499,1,1,5,5
February 04,2/4/2019,"February 04, 2019",35/2019,2019102104,43500,1,1,5,5
February 05,2/5/2019,"February 05, 2019",36/2019,2019102105,43501,1,1,5,6
February 06,2/6/2019,"February 06, 2019",37/2019,2019102106,43502,1,1,5,6
February 07,2/7/2019,"February 07, 2019",38/2019,2019102107,43503,1,1,5,6
February 08,2/8/2019,"February 08, 2019",39/2019,2019102208,43504,1,2,5,6
February 09,2/9/2019,"February 09, 2019",40/2019,2019102209,43505,1,2,5,6
February 10,2/10/2019,"February 10, 2019",41/2019,2019102210,43506,2,2,6,6
February 11,2/11/2019,"February 11, 2019",42/2019,2019102211,43507,2,2,6,6
February 12,2/12/2019,"February 12, 2019",43/2019,2019102212,43508,2,2,6,7
February 13,2/13/2019,"February 13, 2019",44/2019,2019102213,43509,2,2,6,7
February 14,2/14/2019,"February 14, 2019",45/2019,2019102214,43510,2,2,6,7
February 15,2/15/2019,"February 15, 2019",46/2019,2019102315,43511,2,3,6,7
February 16,2/16/2019,"February 16, 2019",47/2019,2019102316,43512,2,3,6,7
February 17,2/17/2019,"February 17, 2019",48/2019,2019102317,43513,3,3,7,7
February 18,2/18/2019,"February 18, 2019",49/2019,2019102318,43514,3,3,7,7
February 19,2/19/2019,"February 19, 2019",50/2019,2019102319,43515,3,3,7,8
February 20,2/20/2019,"February 20, 2019",51/2019,2019102320,43516,3,3,7,8
February 21,2/21/2019,"February 21, 2019",52/2019,2019102321,43517,3,3,7,8
February 22,2/22/2019,"February 22, 2019",53/2019,2019102422,43518,3,4,7,8
February 23,2/23/2019,"February 23, 2019",54/2019,2019102423,43519,3,4,7,8
February 24,2/24/2019,"February 24, 2019",55/2019,2019102424,43520,4,4,8,8
February 25,2/25/2019,"February 25, 2019",56/2019,2019102425,43521,4,4,8,8
February 26,2/26/2019,"February 26, 2019",57/2019,2019102426,43522,4,4,8,9
February 27,2/27/2019,"February 27, 2019",58/2019,2019102427,43523,4,4,8,9
February 28,2/28/2019,"February 28, 2019",59/2019,2019102428,43524,4,4,8,9
March 01,3/1/2019,"March 01, 2019",60/2019,2019103101,43525,0,1,8,9
March 02,3/2/2019,"March 02, 2019",61/2019,2019103102,43526,0,1,8,9
March 03,3/3/2019,"March 03, 2019",62/2019,2019103103,43527,1,1,9,9
March 04,3/4/2019,"March 04, 2019",63/2019,2019103104,43528,1,1,9,9
March 05,3/5/2019,"March 05, 2019",64/2019,2019103105,43529,1,1,9,10
March 06,3/6/2019,"March 06, 2019",65/2019,2019103106,43530,1,1,9,10
March 07,3/7/2019,"March 07, 2019",66/2019,2019103107,43531,1,1,9,10
March 08,3/8/2019,"March 08, 2019",67/2019,2019103208,43532,1,2,9,10
March 09,3/9/2019,"March 09, 2019",68/2019,2019103209,43533,1,2,9,10
March 10,3/10/2019,"March 10, 2019",69/2019,2019103210,43534,2,2,10,10
March 11,3/11/2019,"March 11, 2019",70/2019,2019103211,43535,2,2,10,10
March 12,3/12/2019,"March 12, 2019",71/2019,2019103212,43536,2,2,10,11
March 13,3/13/2019,"March 13, 2019",72/2019,2019103213,43537,2,2,10,11
March 14,3/14/2019,"March 14, 2019",73/2019,2019103214,43538,2,2,10,11
March 15,3/15/2019,"March 15, 2019",74/2019,2019103315,43539,2,3,10,11
March 16,3/16/2019,"March 16, 2019",75/2019,2019103316,43540,2,3,10,11
March 17,3/17/2019,"March 17, 2019",76/2019,2019103317,43541,3,3,11,11
March 18,3/18/2019,"March 18, 2019",77/2019,2019103318,43542,3,3,11,11
March 19,3/19/2019,"March 19, 2019",78/2019,2019103319,43543,3,3,11,12
March 20,3/20/2019,"March 20, 2019",79/2019,2019103320,43544,3,3,11,12
March 21,3/21/2019,"March 21, 2019",80/2019,2019103321,43545,3,3,11,12
March 22,3/22/2019,"March 22, 2019",81/2019,2019103422,43546,3,4,11,12
March 23,3/23/2019,"March 23, 2019",82/2019,2019103423,43547,3,4,11,12
March 24,3/24/2019,"March 24, 2019",83/2019,2019103424,43548,4,4,12,12
March 25,3/25/2019,"March 25, 2019",84/2019,2019103425,43549,4,4,12,12
March 26,3/26/2019,"March 26, 2019",85/2019,2019103426,43550,4,4,12,13
March 27,3/27/2019,"March 27, 2019",86/2019,2019103427,43551,4,4,12,13
March 28,3/28/2019,"March 28, 2019",87/2019,2019103428,43552,4,4,12,13
March 29,3/29/2019,"March 29, 2019",88/2019,2019103529,43553,4,5,12,13
March 30,3/30/2019,"March 30, 2019",89/2019,2019103530,43554,4,5,12,13
March 31,3/31/2019,"March 31, 2019",90/2019,2019103531,43555,5,5,13,13
April 01,4/1/2019,"April 01, 2019",91/2019,2019204101,43556,0,1,0,1
April 02,4/2/2019,"April 02, 2019",92/2019,2019204102,43557,0,1,0,1
April 03,4/3/2019,"April 03, 2019",93/2019,2019204103,43558,0,1,0,1
April 04,4/4/2019,"April 04, 2019",94/2019,2019204104,43559,0,1,0,1
April 05,4/5/2019,"April 05, 2019",95/2019,2019204105,43560,0,1,0,1
April 06,4/6/2019,"April 06, 2019",96/2019,2019204106,43561,0,1,0,1
April 07,4/7/2019,"April 07, 2019",97/2019,2019204107,43562,1,1,1,1
April 08,4/8/2019,"April 08, 2019",98/2019,2019204208,43563,1,2,1,2
April 09,4/9/2019,"April 09, 2019",99/2019,2019204209,43564,1,2,1,2
April 10,4/10/2019,"April 10, 2019",100/2019,2019204210,43565,1,2,1,2
April 11,4/11/2019,"April 11, 2019",101/2019,2019204211,43566,1,2,1,2
April 12,4/12/2019,"April 12, 2019",102/2019,2019204212,43567,1,2,1,2
April 13,4/13/2019,"April 13, 2019",103/2019,2019204213,43568,1,2,1,2
April 14,4/14/2019,"April 14, 2019",104/2019,2019204214,43569,2,2,2,2
April 15,4/15/2019,"April 15, 2019",105/2019,2019204315,43570,2,3,2,3
April 16,4/16/2019,"April 16, 2019",106/2019,2019204316,43571,2,3,2,3
April 17,4/17/2019,"April 17, 2019",107/2019,2019204317,43572,2,3,2,3
April 18,4/18/2019,"April 18, 2019",108/2019,2019204318,43573,2,3,2,3
April 19,4/19/2019,"April 19, 2019",109/2019,2019204319,43574,2,3,2,3
April 20,4/20/2019,"April 20, 2019",110/2019,2019204320,43575,2,3,2,3
April 21,4/21/2019,"April 21, 2019",111/2019,2019204321,43576,3,3,3,3
April 22,4/22/2019,"April 22, 2019",112/2019,2019204422,43577,3,4,3,4
April 23,4/23/2019,"April 23, 2019",113/2019,2019204423,43578,3,4,3,4
April 24,4/24/2019,"April 24, 2019",114/2019,2019204424,43579,3,4,3,4
April 25,4/25/2019,"April 25, 2019",115/2019,2019204425,43580,3,4,3,4
April 26,4/26/2019,"April 26, 2019",116/2019,2019204426,43581,3,4,3,4
April 27,4/27/2019,"April 27, 2019",117/2019,2019204427,43582,3,4,3,4
April 28,4/28/2019,"April 28, 2019",118/2019,2019204428,43583,4,4,4,4
April 29,4/29/2019,"April 29, 2019",119/2019,2019204529,43584,4,5,4,5
April 30,4/30/2019,"April 30, 2019",120/2019,2019204530,43585,4,5,4,5
May 01,5/1/2019,"May 01, 2019",121/2019,2019205101,43586,0,1,4,5
May 02,5/2/2019,"May 02, 2019",122/2019,2019205102,43587,0,1,4,5
May 03,5/3/2019,"May 03, 2019",123/2019,2019205103,43588,0,1,4,5
May 04,5/4/2019,"May 04, 2019",124/2019,2019205104,43589,0,1,4,5
May 05,5/5/2019,"May 05, 2019",125/2019,2019205105,43590,1,1,5,5
May 06,5/6/2019,"May 06, 2019",126/2019,2019205106,43591,1,1,5,6
May 07,5/7/2019,"May 07, 2019",127/2019,2019205107,43592,1,1,5,6
May 08,5/8/2019,"May 08, 2019",128/2019,2019205208,43593,1,2,5,6
May 09,5/9/2019,"May 09, 2019",129/2019,2019205209,43594,1,2,5,6
May 10,5/10/2019,"May 10, 2019",130/2019,2019205210,43595,1,2,5,6
May 11,5/11/2019,"May 11, 2019",131/2019,2019205211,43596,1,2,5,6
May 12,5/12/2019,"May 12, 2019",132/2019,2019205212,43597,2,2,6,6
May 13,5/13/2019,"May 13, 2019",133/2019,2019205213,43598,2,2,6,7
May 14,5/14/2019,"May 14, 2019",134/2019,2019205214,43599,2,2,6,7
May 15,5/15/2019,"May 15, 2019",135/2019,2019205315,43600,2,3,6,7
May 16,5/16/2019,"May 16, 2019",136/2019,2019205316,43601,2,3,6,7
May 17,5/17/2019,"May 17, 2019",137/2019,2019205317,43602,2,3,6,7
May 18,5/18/2019,"May 18, 2019",138/2019,2019205318,43603,2,3,6,7
May 19,5/19/2019,"May 19, 2019",139/2019,2019205319,43604,3,3,7,7
May 20,5/20/2019,"May 20, 2019",140/2019,2019205320,43605,3,3,7,8
May 21,5/21/2019,"May 21, 2019",141/2019,2019205321,43606,3,3,7,8
May 22,5/22/2019,"May 22, 2019",142/2019,2019205422,43607,3,4,7,8
May 23,5/23/2019,"May 23, 2019",143/2019,2019205423,43608,3,4,7,8
May 24,5/24/2019,"May 24, 2019",144/2019,2019205424,43609,3,4,7,8
May 25,5/25/2019,"May 25, 2019",145/2019,2019205425,43610,3,4,7,8
May 26,5/26/2019,"May 26, 2019",146/2019,2019205426,43611,4,4,8,8
May 27,5/27/2019,"May 27, 2019",147/2019,2019205427,43612,4,4,8,9
May 28,5/28/2019,"May 28, 2019",148/2019,2019205428,43613,4,4,8,9
May 29,5/29/2019,"May 29, 2019",149/2019,2019205529,43614,4,5,8,9
May 30,5/30/2019,"May 30, 2019",150/2019,2019205530,43615,4,5,8,9
May 31,5/31/2019,"May 31, 2019",151/2019,2019205531,43616,4,5,8,9
June 01,6/1/2019,"June 01, 2019",152/2019,2019206101,43617,0,1,8,9
June 02,6/2/2019,"June 02, 2019",153/2019,2019206102,43618,1,1,9,9
June 03,6/3/2019,"June 03, 2019",154/2019,2019206103,43619,1,1,9,10
June 04,6/4/2019,"June 04, 2019",155/2019,2019206104,43620,1,1,9,10
June 05,6/5/2019,"June 05, 2019",156/2019,2019206105,43621,1,1,9,10
June 06,6/6/2019,"June 06, 2019",157/2019,2019206106,43622,1,1,9,10
June 07,6/7/2019,"June 07, 2019",158/2019,2019206107,43623,1,1,9,10
June 08,6/8/2019,"June 08, 2019",159/2019,2019206208,43624,1,2,9,10
June 09,6/9/2019,"June 09, 2019",160/2019,2019206209,43625,2,2,10,10
June 10,6/10/2019,"June 10, 2019",161/2019,2019206210,43626,2,2,10,11
June 11,6/11/2019,"June 11, 2019",162/2019,2019206211,43627,2,2,10,11
June 12,6/12/2019,"June 12, 2019",163/2019,2019206212,43628,2,2,10,11
June 13,6/13/2019,"June 13, 2019",164/2019,2019206213,43629,2,2,10,11
June 14,6/14/2019,"June 14, 2019",165/2019,2019206214,43630,2,2,10,11
June 15,6/15/2019,"June 15, 2019",166/2019,2019206315,43631,2,3,10,11
June 16,6/16/2019,"June 16, 2019",167/2019,2019206316,43632,3,3,11,11
June 17,6/17/2019,"June 17, 2019",168/2019,2019206317,43633,3,3,11,12
June 18,6/18/2019,"June 18, 2019",169/2019,2019206318,43634,3,3,11,12
June 19,6/19/2019,"June 19, 2019",170/2019,2019206319,43635,3,3,11,12
June 20,6/20/2019,"June 20, 2019",171/2019,2019206320,43636,3,3,11,12
June 21,6/21/2019,"June 21, 2019",172/2019,2019206321,43637,3,3,11,12
June 22,6/22/2019,"June 22, 2019",173/2019,2019206422,43638,3,4,11,12
June 23,6/23/2019,"June 23, 2019",174/2019,2019206423,43639,4,4,12,12
June 24,6/24/2019,"June 24, 2019",175/2019,2019206424,43640,4,4,12,13
June 25,6/25/2019,"June 25, 2019",176/2019,2019206425,43641,4,4,12,13
June 26,6/26/2019,"June 26, 2019",177/2019,2019206426,43642,4,4,12,13
June 27,6/27/2019,"June 27, 2019",178/2019,2019206427,43643,4,4,12,13
June 28,6/28/2019,"June 28, 2019",179/2019,2019206428,43644,4,4,12,13
June 29,6/29/2019,"June 29, 2019",180/2019,2019206529,43645,4,5,12,13
June 30,6/30/2019,"June 30, 2019",181/2019,2019206530,43646,5,5,13,13
July 01,7/1/2019,"July 01, 2019",182/2019,2019307101,43647,0,1,0,1
July 02,7/2/2019,"July 02, 2019",183/2019,2019307102,43648,0,1,0,1
July 03,7/3/2019,"July 03, 2019",184/2019,2019307103,43649,0,1,0,1
July 04,7/4/2019,"July 04, 2019",185/2019,2019307104,43650,0,1,0,1
July 05,7/5/2019,"July 05, 2019",186/2019,2019307105,43651,0,1,0,1
July 06,7/6/2019,"July 06, 2019",187/2019,2019307106,43652,0,1,0,1
July 07,7/7/2019,"July 07, 2019",188/2019,2019307107,43653,1,1,1,1
July 08,7/8/2019,"July 08, 2019",189/2019,2019307208,43654,1,2,1,2
July 09,7/9/2019,"July 09, 2019",190/2019,2019307209,43655,1,2,1,2
July 10,7/10/2019,"July 10, 2019",191/2019,2019307210,43656,1,2,1,2
July 11,7/11/2019,"July 11, 2019",192/2019,2019307211,43657,1,2,1,2
July 12,7/12/2019,"July 12, 2019",193/2019,2019307212,43658,1,2,1,2
July 13,7/13/2019,"July 13, 2019",194/2019,2019307213,43659,1,2,1,2
July 14,7/14/2019,"July 14, 2019",195/2019,2019307214,43660,2,2,2,2
July 15,7/15/2019,"July 15, 2019",196/2019,2019307315,43661,2,3,2,3
July 16,7/16/2019,"July 16, 2019",197/2019,2019307316,43662,2,3,2,3
July 17,7/17/2019,"July 17, 2019",198/2019,2019307317,43663,2,3,2,3
July 18,7/18/2019,"July 18, 2019",199/2019,2019307318,43664,2,3,2,3
July 19,7/19/2019,"July 19, 2019",200/2019,2019307319,43665,2,3,2,3
July 20,7/20/2019,"July 20, 2019",201/2019,2019307320,43666,2,3,2,3
July 21,7/21/2019,"July 21, 2019",202/2019,2019307321,43667,3,3,3,3
July 22,7/22/2019,"July 22, 2019",203/2019,2019307422,43668,3,4,3,4
July 23,7/23/2019,"July 23, 2019",204/2019,2019307423,43669,3,4,3,4
July 24,7/24/2019,"July 24, 2019",205/2019,2019307424,43670,3,4,3,4
July 25,7/25/2019,"July 25, 2019",206/2019,2019307425,43671,3,4,3,4
July 26,7/26/2019,"July 26, 2019",207/2019,2019307426,43672,3,4,3,4
July 27,7/27/2019,"July 27, 2019",208/2019,2019307427,43673,3,4,3,4
July 28,7/28/2019,"July 28, 2019",209/2019,2019307428,43674,4,4,4,4
July 29,7/29/2019,"July 29, 2019",210/2019,2019307529,43675,4,5,4,5
July 30,7/30/2019,"July 30, 2019",211/2019,2019307530,43676,4,5,4,5
July 31,7/31/2019,"July 31, 2019",212/2019,2019307531,43677,4,5,4,5
August 01,8/1/2019,"August 01, 2019",213/2019,2019308101,43678,0,1,4,5
August 02,8/2/2019,"August 02, 2019",214/2019,2019308102,43679,0,1,4,5
August 03,8/3/2019,"August 03, 2019",215/2019,2019308103,43680,0,1,4,5
August 04,8/4/2019,"August 04, 2019",216/2019,2019308104,43681,1,1,5,5
August 05,8/5/2019,"August 05, 2019",217/2019,2019308105,43682,1,1,5,6
August 06,8/6/2019,"August 06, 2019",218/2019,2019308106,43683,1,1,5,6
August 07,8/7/2019,"August 07, 2019",219/2019,2019308107,43684,1,1,5,6
August 08,8/8/2019,"August 08, 2019",220/2019,2019308208,43685,1,2,5,6
August 09,8/9/2019,"August 09, 2019",221/2019,2019308209,43686,1,2,5,6
August 10,8/10/2019,"August 10, 2019",222/2019,2019308210,43687,1,2,5,6
August 11,8/11/2019,"August 11, 2019",223/2019,2019308211,43688,2,2,6,6
August 12,8/12/2019,"August 12, 2019",224/2019,2019308212,43689,2,2,6,7
August 13,8/13/2019,"August 13, 2019",225/2019,2019308213,43690,2,2,6,7
August 14,8/14/2019,"August 14, 2019",226/2019,2019308214,43691,2,2,6,7
August 15,8/15/2019,"August 15, 2019",227/2019,2019308315,43692,2,3,6,7
August 16,8/16/2019,"August 16, 2019",228/2019,2019308316,43693,2,3,6,7
August 17,8/17/2019,"August 17, 2019",229/2019,2019308317,43694,2,3,6,7
August 18,8/18/2019,"August 18, 2019",230/2019,2019308318,43695,3,3,7,7
August 19,8/19/2019,"August 19, 2019",231/2019,2019308319,43696,3,3,7,8
August 20,8/20/2019,"August 20, 2019",232/2019,2019308320,43697,3,3,7,8
August 21,8/21/2019,"August 21, 2019",233/2019,2019308321,43698,3,3,7,8
August 22,8/22/2019,"August 22, 2019",234/2019,2019308422,43699,3,4,7,8
August 23,8/23/2019,"August 23, 2019",235/2019,2019308423,43700,3,4,7,8
August 24,8/24/2019,"August 24, 2019",236/2019,2019308424,43701,3,4,7,8
August 25,8/25/2019,"August 25, 2019",237/2019,2019308425,43702,4,4,8,8
August 26,8/26/2019,"August 26, 2019",238/2019,2019308426,43703,4,4,8,9
August 27,8/27/2019,"August 27, 2019",239/2019,2019308427,43704,4,4,8,9
August 28,8/28/2019,"August 28, 2019",240/2019,2019308428,43705,4,4,8,9
August 29,8/29/2019,"August 29, 2019",241/2019,2019308529,43706,4,5,8,9
August 30,8/30/2019,"August 30, 2019",242/2019,2019308530,43707,4,5,8,9
August 31,8/31/2019,"August 31, 2019",243/2019,2019308531,43708,4,5,8,9
September 01,9/1/2019,"September 01, 2019",244/2019,2019309101,43709,1,1,9,9
September 02,9/2/2019,"September 02, 2019",245/2019,2019309102,43710,1,1,9,10
September 03,9/3/2019,"September 03, 2019",246/2019,2019309103,43711,1,1,9,10
September 04,9/4/2019,"September 04, 2019",247/2019,2019309104,43712,1,1,9,10
September 05,9/5/2019,"September 05, 2019",248/2019,2019309105,43713,1,1,9,10
September 06,9/6/2019,"September 06, 2019",249/2019,2019309106,43714,1,1,9,10
September 07,9/7/2019,"September 07, 2019",250/2019,2019309107,43715,1,1,9,10
September 08,9/8/2019,"September 08, 2019",251/2019,2019309208,43716,2,2,10,10
September 09,9/9/2019,"September 09, 2019",252/2019,2019309209,43717,2,2,10,11
September 10,9/10/2019,"September 10, 2019",253/2019,2019309210,43718,2,2,10,11
September 11,9/11/2019,"September 11, 2019",254/2019,2019309211,43719,2,2,10,11
September 12,9/12/2019,"September 12, 2019",255/2019,2019309212,43720,2,2,10,11
September 13,9/13/2019,"September 13, 2019",256/2019,2019309213,43721,2,2,10,11
September 14,9/14/2019,"September 14, 2019",257/2019,2019309214,43722,2,2,10,11
September 15,9/15/2019,"September 15, 2019",258/2019,2019309315,43723,3,3,11,11
September 16,9/16/2019,"September 16, 2019",259/2019,2019309316,43724,3,3,11,12
September 17,9/17/2019,"September 17, 2019",260/2019,2019309317,43725,3,3,11,12
September 18,9/18/2019,"September 18, 2019",261/2019,2019309318,43726,3,3,11,12
September 19,9/19/2019,"September 19, 2019",262/2019,2019309319,43727,3,3,11,12
September 20,9/20/2019,"September 20, 2019",263/2019,2019309320,43728,3,3,11,12
September 21,9/21/2019,"September 21, 2019",264/2019,2019309321,43729,3,3,11,12
September 22,9/22/2019,"September 22, 2019",265/2019,2019309422,43730,4,4,12,12
September 23,9/23/2019,"September 23, 2019",266/2019,2019309423,43731,4,4,12,13
September 24,9/24/2019,"September 24, 2019",267/2019,2019309424,43732,4,4,12,13
September 25,9/25/2019,"September 25, 2019",268/2019,2019309425,43733,4,4,12,13
September 26,9/26/2019,"September 26, 2019",269/2019,2019309426,43734,4,4,12,13
September 27,9/27/2019,"September 27, 2019",270/2019,2019309427,43735,4,4,12,13
September 28,9/28/2019,"September 28, 2019",271/2019,2019309428,43736,4,4,12,13
September 29,9/29/2019,"September 29, 2019",272/2019,2019309529,43737,5,5,13,13
September 30,9/30/2019,"September 30, 2019",273/2019,2019309530,43738,5,5,13,14
October 01,10/1/2019,"October 01, 2019",274/2019,2019410101,43739,0,1,0,1
October 02,10/2/2019,"October 02, 2019",275/2019,2019410102,43740,0,1,0,1
October 03,10/3/2019,"October 03, 2019",276/2019,2019410103,43741,0,1,0,1
October 04,10/4/2019,"October 04, 2019",277/2019,2019410104,43742,0,1,0,1
October 05,10/5/2019,"October 05, 2019",278/2019,2019410105,43743,0,1,0,1
October 06,10/6/2019,"October 06, 2019",279/2019,2019410106,43744,1,1,1,1
October 07,10/7/2019,"October 07, 2019",280/2019,2019410107,43745,1,1,1,1
October 08,10/8/2019,"October 08, 2019",281/2019,2019410208,43746,1,2,1,2
October 09,10/9/2019,"October 09, 2019",282/2019,2019410209,43747,1,2,1,2
October 10,10/10/2019,"October 10, 2019",283/2019,2019410210,43748,1,2,1,2
October 11,10/11/2019,"October 11, 2019",284/2019,2019410211,43749,1,2,1,2
October 12,10/12/2019,"October 12, 2019",285/2019,2019410212,43750,1,2,1,2
October 13,10/13/2019,"October 13, 2019",286/2019,2019410213,43751,2,2,2,2
October 14,10/14/2019,"October 14, 2019",287/2019,2019410214,43752,2,2,2,2
October 15,10/15/2019,"October 15, 2019",288/2019,2019410315,43753,2,3,2,3
October 16,10/16/2019,"October 16, 2019",289/2019,2019410316,43754,2,3,2,3
October 17,10/17/2019,"October 17, 2019",290/2019,2019410317,43755,2,3,2,3
October 18,10/18/2019,"October 18, 2019",291/2019,2019410318,43756,2,3,2,3
October 19,10/19/2019,"October 19, 2019",292/2019,2019410319,43757,2,3,2,3
October 20,10/20/2019,"October 20, 2019",293/2019,2019410320,43758,3,3,3,3
October 21,10/21/2019,"October 21, 2019",294/2019,2019410321,43759,3,3,3,3
October 22,10/22/2019,"October 22, 2019",295/2019,2019410422,43760,3,4,3,4
October 23,10/23/2019,"October 23, 2019",296/2019,2019410423,43761,3,4,3,4
October 24,10/24/2019,"October 24, 2019",297/2019,2019410424,43762,3,4,3,4
October 25,10/25/2019,"October 25, 2019",298/2019,2019410425,43763,3,4,3,4
October 26,10/26/2019,"October 26, 2019",299/2019,2019410426,43764,3,4,3,4
October 27,10/27/2019,"October 27, 2019",300/2019,2019410427,43765,4,4,4,4
October 28,10/28/2019,"October 28, 2019",301/2019,2019410428,43766,4,4,4,4
October 29,10/29/2019,"October 29, 2019",302/2019,2019410529,43767,4,5,4,5
October 30,10/30/2019,"October 30, 2019",303/2019,2019410530,43768,4,5,4,5
October 31,10/31/2019,"October 31, 2019",304/2019,2019410531,43769,4,5,4,5
November 01,11/1/2019,"November 01, 2019",305/2019,2019411101,43770,0,1,4,5
November 02,11/2/2019,"November 02, 2019",306/2019,2019411102,43771,0,1,4,5
November 03,11/3/2019,"November 03, 2019",307/2019,2019411103,43772,1,1,5,5
November 04,11/4/2019,"November 04, 2019",308/2019,2019411104,43773,1,1,5,5
November 05,11/5/2019,"November 05, 2019",309/2019,2019411105,43774,1,1,5,6
November 06,11/6/2019,"November 06, 2019",310/2019,2019411106,43775,1,1,5,6
November 07,11/7/2019,"November 07, 2019",311/2019,2019411107,43776,1,1,5,6
November 08,11/8/2019,"November 08, 2019",312/2019,2019411208,43777,1,2,5,6
November 09,11/9/2019,"November 09, 2019",313/2019,2019411209,43778,1,2,5,6
November 10,11/10/2019,"November 10, 2019",314/2019,2019411210,43779,2,2,6,6
November 11,11/11/2019,"November 11, 2019",315/2019,2019411211,43780,2,2,6,6
November 12,11/12/2019,"November 12, 2019",316/2019,2019411212,43781,2,2,6,7
November 13,11/13/2019,"November 13, 2019",317/2019,2019411213,43782,2,2,6,7
November 14,11/14/2019,"November 14, 2019",318/2019,2019411214,43783,2,2,6,7
November 15,11/15/2019,"November 15, 2019",319/2019,2019411315,43784,2,3,6,7
November 16,11/16/2019,"November 16, 2019",320/2019,2019411316,43785,2,3,6,7
November 17,11/17/2019,"November 17, 2019",321/2019,2019411317,43786,3,3,7,7
November 18,11/18/2019,"November 18, 2019",322/2019,2019411318,43787,3,3,7,7
November 19,11/19/2019,"November 19, 2019",323/2019,2019411319,43788,3,3,7,8
November 20,11/20/2019,"November 20, 2019",324/2019,2019411320,43789,3,3,7,8
November 21,11/21/2019,"November 21, 2019",325/2019,2019411321,43790,3,3,7,8
November 22,11/22/2019,"November 22, 2019",326/2019,2019411422,43791,3,4,7,8
November 23,11/23/2019,"November 23, 2019",327/2019,2019411423,43792,3,4,7,8
November 24,11/24/2019,"November 24, 2019",328/2019,2019411424,43793,4,4,8,8
November 25,11/25/2019,"November 25, 2019",329/2019,2019411425,43794,4,4,8,8
November 26,11/26/2019,"November 26, 2019",330/2019,2019411426,43795,4,4,8,9
November 27,11/27/2019,"November 27, 2019",331/2019,2019411427,43796,4,4,8,9
November 28,11/28/2019,"November 28, 2019",332/2019,2019411428,43797,4,4,8,9
November 29,11/29/2019,"November 29, 2019",333/2019,2019411529,43798,4,5,8,9
November 30,11/30/2019,"November 30, 2019",334/2019,2019411530,43799,4,5,8,9
December 01,12/1/2019,"December 01, 2019",335/2019,2019412101,43800,1,1,9,9
December 02,12/2/2019,"December 02, 2019",336/2019,2019412102,43801,1,1,9,9
December 03,12/3/2019,"December 03, 2019",337/2019,2019412103,43802,1,1,9,10
December 04,12/4/2019,"December 04, 2019",338/2019,2019412104,43803,1,1,9,10
December 05,12/5/2019,"December 05, 2019",339/2019,2019412105,43804,1,1,9,10
December 06,12/6/2019,"December 06, 2019",340/2019,2019412106,43805,1,1,9,10
December 07,12/7/2019,"December 07, 2019",341/2019,2019412107,43806,1,1,9,10
December 08,12/8/2019,"December 08, 2019",342/2019,2019412208,43807,2,2,10,10
December 09,12/9/2019,"December 09, 2019",343/2019,2019412209,43808,2,2,10,10
December 10,12/10/2019,"December 10, 2019",344/2019,2019412210,43809,2,2,10,11
December 11,12/11/2019,"December 11, 2019",345/2019,2019412211,43810,2,2,10,11
December 12,12/12/2019,"December 12, 2019",346/2019,2019412212,43811,2,2,10,11
December 13,12/13/2019,"December 13, 2019",347/2019,2019412213,43812,2,2,10,11
December 14,12/14/2019,"December 14, 2019",348/2019,2019412214,43813,2,2,10,11
December 15,12/15/2019,"December 15, 2019",349/2019,2019412315,43814,3,3,11,11
December 16,12/16/2019,"December 16, 2019",350/2019,2019412316,43815,3,3,11,11
December 17,12/17/2019,"December 17, 2019",351/2019,2019412317,43816,3,3,11,12
December 18,12/18/2019,"December 18, 2019",352/2019,2019412318,43817,3,3,11,12
December 19,12/19/2019,"December 19, 2019",353/2019,2019412319,43818,3,3,11,12
December 20,12/20/2019,"December 20, 2019",354/2019,2019412320,43819,3,3,11,12
December 21,12/21/2019,"December 21, 2019",355/2019,2019412321,43820,3,3,11,12
December 22,12/22/2019,"December 22, 2019",356/2019,2019412422,43821,4,4,12,12
December 23,12/23/2019,"December 23, 2019",357/2019,2019412423,43822,4,4,12,12
December 24,12/24/2019,"December 24, 2019",358/2019,2019412424,43823,4,4,12,13
December 25,12/25/2019,"December 25, 2019",359/2019,2019412425,43824,4,4,12,13
December 26,12/26/2019,"December 26, 2019",360/2019,2019412426,43825,4,4,12,13
December 27,12/27/2019,"December 27, 2019",361/2019,2019412427,43826,4,4,12,13
December 28,12/28/2019,"December 28, 2019",362/2019,2019412428,43827,4,4,12,13
December 29,12/29/2019,"December 29, 2019",363/2019,2019412529,43828,5,5,13,13
December 30,12/30/2019,"December 30, 2019",364/2019,2019412530,43829,5,5,13,13
December 31,12/31/2019,"December 31, 2019",365/2019,2019412531,43830,5,5,13,14
January 01,1/1/2020,"January 01, 2020",1/2020,2020101101,43831,0,1,0,1
January 02,1/2/2020,"January 02, 2020",2/2020,2020101102,43832,0,1,0,1
January 03,1/3/2020,"January 03, 2020",3/2020,2020101103,43833,0,1,0,1
January 04,1/4/2020,"January 04, 2020",4/2020,2020101104,43834,0,1,0,1
January 05,1/5/2020,"January 05, 2020",5/2020,2020101105,43835,1,1,1,1
January 06,1/6/2020,"January 06, 2020",6/2020,2020101106,43836,1,1,1,1
January 07,1/7/2020,"January 07, 2020",7/2020,2020101107,43837,1,1,1,1
January 08,1/8/2020,"January 08, 2020",8/2020,2020101208,43838,1,2,1,2
January 09,1/9/2020,"January 09, 2020",9/2020,2020101209,43839,1,2,1,2
January 10,1/10/2020,"January 10, 2020",10/2020,2020101210,43840,1,2,1,2
January 11,1/11/2020,"January 11, 2020",11/2020,2020101211,43841,1,2,1,2
January 12,1/12/2020,"January 12, 2020",12/2020,2020101212,43842,2,2,2,2
January 13,1/13/2020,"January 13, 2020",13/2020,2020101213,43843,2,2,2,2
January 14,1/14/2020,"January 14, 2020",14/2020,2020101214,43844,2,2,2,2
January 15,1/15/2020,"January 15, 2020",15/2020,2020101315,43845,2,3,2,3
January 16,1/16/2020,"January 16, 2020",16/2020,2020101316,43846,2,3,2,3
January 17,1/17/2020,"January 17, 2020",17/2020,2020101317,43847,2,3,2,3
January 18,1/18/2020,"January 18, 2020",18/2020,2020101318,43848,2,3,2,3
January 19,1/19/2020,"January 19, 2020",19/2020,2020101319,43849,3,3,3,3
January 20,1/20/2020,"January 20, 2020",20/2020,2020101320,43850,3,3,3,3
January 21,1/21/2020,"January 21, 2020",21/2020,2020101321,43851,3,3,3,3
January 22,1/22/2020,"January 22, 2020",22/2020,2020101422,43852,3,4,3,4
January 23,1/23/2020,"January 23, 2020",23/2020,2020101423,43853,3,4,3,4
January 24,1/24/2020,"January 24, 2020",24/2020,2020101424,43854,3,4,3,4
January 25,1/25/2020,"January 25, 2020",25/2020,2020101425,43855,3,4,3,4
January 26,1/26/2020,"January 26, 2020",26/2020,2020101426,43856,4,4,4,4
January 27,1/27/2020,"January 27, 2020",27/2020,2020101427,43857,4,4,4,4
January 28,1/28/2020,"January 28, 2020",28/2020,2020101428,43858,4,4,4,4
January 29,1/29/2020,"January 29, 2020",29/2020,2020101529,43859,4,5,4,5
January 30,1/30/2020,"January 30, 2020",30/2020,2020101530,43860,4,5,4,5
January 31,1/31/2020,"January 31, 2020",31/2020,2020101531,43861,4,5,4,5
February 01,2/1/2020,"February 01, 2020",32/2020,2020102101,43862,0,1,4,5
February 02,2/2/2020,"February 02, 2020",33/2020,2020102102,43863,1,1,5,5
February 03,2/3/2020,"February 03, 2020",34/2020,2020102103,43864,1,1,5,5
February 04,2/4/2020,"February 04, 2020",35/2020,2020102104,43865,1,1,5,5
February 05,2/5/2020,"February 05, 2020",36/2020,2020102105,43866,1,1,5,6
February 06,2/6/2020,"February 06, 2020",37/2020,2020102106,43867,1,1,5,6
February 07,2/7/2020,"February 07, 2020",38/2020,2020102107,43868,1,1,5,6
February 08,2/8/2020,"February 08, 2020",39/2020,2020102208,43869,1,2,5,6
February 09,2/9/2020,"February 09, 2020",40/2020,2020102209,43870,2,2,6,6
February 10,2/10/2020,"February 10, 2020",41/2020,2020102210,43871,2,2,6,6
February 11,2/11/2020,"February 11, 2020",42/2020,2020102211,43872,2,2,6,6
February 12,2/12/2020,"February 12, 2020",43/2020,2020102212,43873,2,2,6,7
February 13,2/13/2020,"February 13, 2020",44/2020,2020102213,43874,2,2,6,7
February 14,2/14/2020,"February 14, 2020",45/2020,2020102214,43875,2,2,6,7
February 15,2/15/2020,"February 15, 2020",46/2020,2020102315,43876,2,3,6,7
February 16,2/16/2020,"February 16, 2020",47/2020,2020102316,43877,3,3,7,7
February 17,2/17/2020,"February 17, 2020",48/2020,2020102317,43878,3,3,7,7
February 18,2/18/2020,"February 18, 2020",49/2020,2020102318,43879,3,3,7,7
February 19,2/19/2020,"February 19, 2020",50/2020,2020102319,43880,3,3,7,8
February 20,2/20/2020,"February 20, 2020",51/2020,2020102320,43881,3,3,7,8
February 21,2/21/2020,"February 21, 2020",52/2020,2020102321,43882,3,3,7,8
February 22,2/22/2020,"February 22, 2020",53/2020,2020102422,43883,3,4,7,8
February 23,2/23/2020,"February 23, 2020",54/2020,2020102423,43884,4,4,8,8
February 24,2/24/2020,"February 24, 2020",55/2020,2020102424,43885,4,4,8,8
February 25,2/25/2020,"February 25, 2020",56/2020,2020102425,43886,4,4,8,8
February 26,2/26/2020,"February 26, 2020",57/2020,2020102426,43887,4,4,8,9
February 27,2/27/2020,"February 27, 2020",58/2020,2020102427,43888,4,4,8,9
February 28,2/28/2020,"February 28, 2020",59/2020,2020102428,43889,4,4,8,9
February 29,2/29/2020,"February 29, 2020",60/2020,2020102529,43890,4,5,8,9
March 01,3/1/2020,"March 01, 2020",61/2020,2020103101,43891,1,1,9,9
March 02,3/2/2020,"March 02, 2020",62/2020,2020103102,43892,1,1,9,9
March 03,3/3/2020,"March 03, 2020",63/2020,2020103103,43893,1,1,9,9
March 04,3/4/2020,"March 04, 2020",64/2020,2020103104,43894,1,1,9,10
March 05,3/5/2020,"March 05, 2020",65/2020,2020103105,43895,1,1,9,10
March 06,3/6/2020,"March 06, 2020",66/2020,2020103106,43896,1,1,9,10
March 07,3/7/2020,"March 07, 2020",67/2020,2020103107,43897,1,1,9,10
March 08,3/8/2020,"March 08, 2020",68/2020,2020103208,43898,2,2,10,10
March 09,3/9/2020,"March 09, 2020",69/2020,2020103209,43899,2,2,10,10
March 10,3/10/2020,"March 10, 2020",70/2020,2020103210,43900,2,2,10,10
March 11,3/11/2020,"March 11, 2020",71/2020,2020103211,43901,2,2,10,11
March 12,3/12/2020,"March 12, 2020",72/2020,2020103212,43902,2,2,10,11
March 13,3/13/2020,"March 13, 2020",73/2020,2020103213,43903,2,2,10,11
March 14,3/14/2020,"March 14, 2020",74/2020,2020103214,43904,2,2,10,11
March 15,3/15/2020,"March 15, 2020",75/2020,2020103315,43905,3,3,11,11
March 16,3/16/2020,"March 16, 2020",76/2020,2020103316,43906,3,3,11,11
March 17,3/17/2020,"March 17, 2020",77/2020,2020103317,43907,3,3,11,11
March 18,3/18/2020,"March 18, 2020",78/2020,2020103318,43908,3,3,11,12
March 19,3/19/2020,"March 19, 2020",79/2020,2020103319,43909,3,3,11,12
March 20,3/20/2020,"March 20, 2020",80/2020,2020103320,43910,3,3,11,12
March 21,3/21/2020,"March 21, 2020",81/2020,2020103321,43911,3,3,11,12
March 22,3/22/2020,"March 22, 2020",82/2020,2020103422,43912,4,4,12,12
March 23,3/23/2020,"March 23, 2020",83/2020,2020103423,43913,4,4,12,12
March 24,3/24/2020,"March 24, 2020",84/2020,2020103424,43914,4,4,12,12
March 25,3/25/2020,"March 25, 2020",85/2020,2020103425,43915,4,4,12,13
March 26,3/26/2020,"March 26, 2020",86/2020,2020103426,43916,4,4,12,13
March 27,3/27/2020,"March 27, 2020",87/2020,2020103427,43917,4,4,12,13
March 28,3/28/2020,"March 28, 2020",88/2020,2020103428,43918,4,4,12,13
March 29,3/29/2020,"March 29, 2020",89/2020,2020103529,43919,5,5,13,13
March 30,3/30/2020,"March 30, 2020",90/2020,2020103530,43920,5,5,13,13
March 31,3/31/2020,"March 31, 2020",91/2020,2020103531,43921,5,5,13,13
April 01,4/1/2020,"April 01, 2020",92/2020,2020204101,43922,0,1,0,1
April 02,4/2/2020,"April 02, 2020",93/2020,2020204102,43923,0,1,0,1
April 03,4/3/2020,"April 03, 2020",94/2020,2020204103,43924,0,1,0,1
April 04,4/4/2020,"April 04, 2020",95/2020,2020204104,43925,0,1,0,1
April 05,4/5/2020,"April 05, 2020",96/2020,2020204105,43926,1,1,1,1
April 06,4/6/2020,"April 06, 2020",97/2020,2020204106,43927,1,1,1,1
April 07,4/7/2020,"April 07, 2020",98/2020,2020204107,43928,1,1,1,1
April 08,4/8/2020,"April 08, 2020",99/2020,2020204208,43929,1,2,1,2
April 09,4/9/2020,"April 09, 2020",100/2020,2020204209,43930,1,2,1,2
April 10,4/10/2020,"April 10, 2020",101/2020,2020204210,43931,1,2,1,2
April 11,4/11/2020,"April 11, 2020",102/2020,2020204211,43932,1,2,1,2
April 12,4/12/2020,"April 12, 2020",103/2020,2020204212,43933,2,2,2,2
April 13,4/13/2020,"April 13, 2020",104/2020,2020204213,43934,2,2,2,2
April 14,4/14/2020,"April 14, 2020",105/2020,2020204214,43935,2,2,2,2
April 15,4/15/2020,"April 15, 2020",106/2020,2020204315,43936,2,3,2,3
April 16,4/16/2020,"April 16, 2020",107/2020,2020204316,43937,2,3,2,3
April 17,4/17/2020,"April 17, 2020",108/2020,2020204317,43938,2,3,2,3
April 18,4/18/2020,"April 18, 2020",109/2020,2020204318,43939,2,3,2,3
April 19,4/19/2020,"April 19, 2020",110/2020,2020204319,43940,3,3,3,3
April 20,4/20/2020,"April 20, 2020",111/2020,2020204320,43941,3,3,3,3
April 21,4/21/2020,"April 21, 2020",112/2020,2020204321,43942,3,3,3,3
April 22,4/22/2020,"April 22, 2020",113/2020,2020204422,43943,3,4,3,4
April 23,4/23/2020,"April 23, 2020",114/2020,2020204423,43944,3,4,3,4
April 24,4/24/2020,"April 24, 2020",115/2020,2020204424,43945,3,4,3,4
April 25,4/25/2020,"April 25, 2020",116/2020,2020204425,43946,3,4,3,4
April 26,4/26/2020,"April 26, 2020",117/2020,2020204426,43947,4,4,4,4
April 27,4/27/2020,"April 27, 2020",118/2020,2020204427,43948,4,4,4,4
April 28,4/28/2020,"April 28, 2020",119/2020,2020204428,43949,4,4,4,4
April 29,4/29/2020,"April 29, 2020",120/2020,2020204529,43950,4,5,4,5
April 30,4/30/2020,"April 30, 2020",121/2020,2020204530,43951,4,5,4,5
May 01,5/1/2020,"May 01, 2020",122/2020,2020205101,43952,0,1,4,5
May 02,5/2/2020,"May 02, 2020",123/2020,2020205102,43953,0,1,4,5
May 03,5/3/2020,"May 03, 2020",124/2020,2020205103,43954,1,1,5,5
May 04,5/4/2020,"May 04, 2020",125/2020,2020205104,43955,1,1,5,5
May 05,5/5/2020,"May 05, 2020",126/2020,2020205105,43956,1,1,5,5
May 06,5/6/2020,"May 06, 2020",127/2020,2020205106,43957,1,1,5,6
May 07,5/7/2020,"May 07, 2020",128/2020,2020205107,43958,1,1,5,6
May 08,5/8/2020,"May 08, 2020",129/2020,2020205208,43959,1,2,5,6
May 09,5/9/2020,"May 09, 2020",130/2020,2020205209,43960,1,2,5,6
May 10,5/10/2020,"May 10, 2020",131/2020,2020205210,43961,2,2,6,6
May 11,5/11/2020,"May 11, 2020",132/2020,2020205211,43962,2,2,6,6
May 12,5/12/2020,"May 12, 2020",133/2020,2020205212,43963,2,2,6,6
May 13,5/13/2020,"May 13, 2020",134/2020,2020205213,43964,2,2,6,7
May 14,5/14/2020,"May 14, 2020",135/2020,2020205214,43965,2,2,6,7
May 15,5/15/2020,"May 15, 2020",136/2020,2020205315,43966,2,3,6,7
May 16,5/16/2020,"May 16, 2020",137/2020,2020205316,43967,2,3,6,7
May 17,5/17/2020,"May 17, 2020",138/2020,2020205317,43968,3,3,7,7
May 18,5/18/2020,"May 18, 2020",139/2020,2020205318,43969,3,3,7,7
May 19,5/19/2020,"May 19, 2020",140/2020,2020205319,43970,3,3,7,7
May 20,5/20/2020,"May 20, 2020",141/2020,2020205320,43971,3,3,7,8
May 21,5/21/2020,"May 21, 2020",142/2020,2020205321,43972,3,3,7,8
May 22,5/22/2020,"May 22, 2020",143/2020,2020205422,43973,3,4,7,8
May 23,5/23/2020,"May 23, 2020",144/2020,2020205423,43974,3,4,7,8
May 24,5/24/2020,"May 24, 2020",145/2020,2020205424,43975,4,4,8,8
May 25,5/25/2020,"May 25, 2020",146/2020,2020205425,43976,4,4,8,8
May 26,5/26/2020,"May 26, 2020",147/2020,2020205426,43977,4,4,8,8
May 27,5/27/2020,"May 27, 2020",148/2020,2020205427,43978,4,4,8,9
May 28,5/28/2020,"May 28, 2020",149/2020,2020205428,43979,4,4,8,9
May 29,5/29/2020,"May 29, 2020",150/2020,2020205529,43980,4,5,8,9
May 30,5/30/2020,"May 30, 2020",151/2020,2020205530,43981,4,5,8,9
May 31,5/31/2020,"May 31, 2020",152/2020,2020205531,43982,5,5,9,9
June 01,6/1/2020,"June 01, 2020",153/2020,2020206101,43983,0,1,9,9
June 02,6/2/2020,"June 02, 2020",154/2020,2020206102,43984,0,1,9,9
June 03,6/3/2020,"June 03, 2020",155/2020,2020206103,43985,0,1,9,10
June 04,6/4/2020,"June 04, 2020",156/2020,2020206104,43986,0,1,9,10
June 05,6/5/2020,"June 05, 2020",157/2020,2020206105,43987,0,1,9,10
June 06,6/6/2020,"June 06, 2020",158/2020,2020206106,43988,0,1,9,10
June 07,6/7/2020,"June 07, 2020",159/2020,2020206107,43989,1,1,10,10
June 08,6/8/2020,"June 08, 2020",160/2020,2020206208,43990,1,2,10,10
June 09,6/9/2020,"June 09, 2020",161/2020,2020206209,43991,1,2,10,10
June 10,6/10/2020,"June 10, 2020",162/2020,2020206210,43992,1,2,10,11
June 11,6/11/2020,"June 11, 2020",163/2020,2020206211,43993,1,2,10,11
June 12,6/12/2020,"June 12, 2020",164/2020,2020206212,43994,1,2,10,11
June 13,6/13/2020,"June 13, 2020",165/2020,2020206213,43995,1,2,10,11
June 14,6/14/2020,"June 14, 2020",166/2020,2020206214,43996,2,2,11,11
June 15,6/15/2020,"June 15, 2020",167/2020,2020206315,43997,2,3,11,11
June 16,6/16/2020,"June 16, 2020",168/2020,2020206316,43998,2,3,11,11
June 17,6/17/2020,"June 17, 2020",169/2020,2020206317,43999,2,3,11,12
June 18,6/18/2020,"June 18, 2020",170/2020,2020206318,44000,2,3,11,12
June 19,6/19/2020,"June 19, 2020",171/2020,2020206319,44001,2,3,11,12
June 20,6/20/2020,"June 20, 2020",172/2020,2020206320,44002,2,3,11,12
June 21,6/21/2020,"June 21, 2020",173/2020,2020206321,44003,3,3,12,12
June 22,6/22/2020,"June 22, 2020",174/2020,2020206422,44004,3,4,12,12
June 23,6/23/2020,"June 23, 2020",175/2020,2020206423,44005,3,4,12,12
June 24,6/24/2020,"June 24, 2020",176/2020,2020206424,44006,3,4,12,13
June 25,6/25/2020,"June 25, 2020",177/2020,2020206425,44007,3,4,12,13
June 26,6/26/2020,"June 26, 2020",178/2020,2020206426,44008,3,4,12,13
June 27,6/27/2020,"June 27, 2020",179/2020,2020206427,44009,3,4,12,13
June 28,6/28/2020,"June 28, 2020",180/2020,2020206428,44010,4,4,13,13
June 29,6/29/2020,"June 29, 2020",181/2020,2020206529,44011,4,5,13,13
June 30,6/30/2020,"June 30, 2020",182/2020,2020206530,44012,4,5,13,13
July 01,7/1/2020,"July 01, 2020",183/2020,2020307101,44013,0,1,0,1
July 02,7/2/2020,"July 02, 2020",184/2020,2020307102,44014,0,1,0,1
July 03,7/3/2020,"July 03, 2020",185/2020,2020307103,44015,0,1,0,1
July 04,7/4/2020,"July 04, 2020",186/2020,2020307104,44016,0,1,0,1
July 05,7/5/2020,"July 05, 2020",187/2020,2020307105,44017,1,1,1,1
July 06,7/6/2020,"July 06, 2020",188/2020,2020307106,44018,1,1,1,1
July 07,7/7/2020,"July 07, 2020",189/2020,2020307107,44019,1,1,1,1
July 08,7/8/2020,"July 08, 2020",190/2020,2020307208,44020,1,2,1,2
July 09,7/9/2020,"July 09, 2020",191/2020,2020307209,44021,1,2,1,2
July 10,7/10/2020,"July 10, 2020",192/2020,2020307210,44022,1,2,1,2
July 11,7/11/2020,"July 11, 2020",193/2020,2020307211,44023,1,2,1,2
July 12,7/12/2020,"July 12, 2020",194/2020,2020307212,44024,2,2,2,2
July 13,7/13/2020,"July 13, 2020",195/2020,2020307213,44025,2,2,2,2
July 14,7/14/2020,"July 14, 2020",196/2020,2020307214,44026,2,2,2,2
July 15,7/15/2020,"July 15, 2020",197/2020,2020307315,44027,2,3,2,3
July 16,7/16/2020,"July 16, 2020",198/2020,2020307316,44028,2,3,2,3
July 17,7/17/2020,"July 17, 2020",199/2020,2020307317,44029,2,3,2,3
July 18,7/18/2020,"July 18, 2020",200/2020,2020307318,44030,2,3,2,3
July 19,7/19/2020,"July 19, 2020",201/2020,2020307319,44031,3,3,3,3
July 20,7/20/2020,"July 20, 2020",202/2020,2020307320,44032,3,3,3,3
July 21,7/21/2020,"July 21, 2020",203/2020,2020307321,44033,3,3,3,3
July 22,7/22/2020,"July 22, 2020",204/2020,2020307422,44034,3,4,3,4
July 23,7/23/2020,"July 23, 2020",205/2020,2020307423,44035,3,4,3,4
July 24,7/24/2020,"July 24, 2020",206/2020,2020307424,44036,3,4,3,4
July 25,7/25/2020,"July 25, 2020",207/2020,2020307425,44037,3,4,3,4
July 26,7/26/2020,"July 26, 2020",208/2020,2020307426,44038,4,4,4,4
July 27,7/27/2020,"July 27, 2020",209/2020,2020307427,44039,4,4,4,4
July 28,7/28/2020,"July 28, 2020",210/2020,2020307428,44040,4,4,4,4
July 29,7/29/2020,"July 29, 2020",211/2020,2020307529,44041,4,5,4,5
July 30,7/30/2020,"July 30, 2020",212/2020,2020307530,44042,4,5,4,5
July 31,7/31/2020,"July 31, 2020",213/2020,2020307531,44043,4,5,4,5
August 01,8/1/2020,"August 01, 2020",214/2020,2020308101,44044,0,1,4,5
August 02,8/2/2020,"August 02, 2020",215/2020,2020308102,44045,1,1,5,5
August 03,8/3/2020,"August 03, 2020",216/2020,2020308103,44046,1,1,5,5
August 04,8/4/2020,"August 04, 2020",217/2020,2020308104,44047,1,1,5,5
August 05,8/5/2020,"August 05, 2020",218/2020,2020308105,44048,1,1,5,6
August 06,8/6/2020,"August 06, 2020",219/2020,2020308106,44049,1,1,5,6
August 07,8/7/2020,"August 07, 2020",220/2020,2020308107,44050,1,1,5,6
August 08,8/8/2020,"August 08, 2020",221/2020,2020308208,44051,1,2,5,6
August 09,8/9/2020,"August 09, 2020",222/2020,2020308209,44052,2,2,6,6
August 10,8/10/2020,"August 10, 2020",223/2020,2020308210,44053,2,2,6,6
August 11,8/11/2020,"August 11, 2020",224/2020,2020308211,44054,2,2,6,6
August 12,8/12/2020,"August 12, 2020",225/2020,2020308212,44055,2,2,6,7
August 13,8/13/2020,"August 13, 2020",226/2020,2020308213,44056,2,2,6,7
August 14,8/14/2020,"August 14, 2020",227/2020,2020308214,44057,2,2,6,7
August 15,8/15/2020,"August 15, 2020",228/2020,2020308315,44058,2,3,6,7
August 16,8/16/2020,"August 16, 2020",229/2020,2020308316,44059,3,3,7,7
August 17,8/17/2020,"August 17, 2020",230/2020,2020308317,44060,3,3,7,7
August 18,8/18/2020,"August 18, 2020",231/2020,2020308318,44061,3,3,7,7
August 19,8/19/2020,"August 19, 2020",232/2020,2020308319,44062,3,3,7,8
August 20,8/20/2020,"August 20, 2020",233/2020,2020308320,44063,3,3,7,8
August 21,8/21/2020,"August 21, 2020",234/2020,2020308321,44064,3,3,7,8
August 22,8/22/2020,"August 22, 2020",235/2020,2020308422,44065,3,4,7,8
August 23,8/23/2020,"August 23, 2020",236/2020,2020308423,44066,4,4,8,8
August 24,8/24/2020,"August 24, 2020",237/2020,2020308424,44067,4,4,8,8
August 25,8/25/2020,"August 25, 2020",238/2020,2020308425,44068,4,4,8,8
August 26,8/26/2020,"August 26, 2020",239/2020,2020308426,44069,4,4,8,9
August 27,8/27/2020,"August 27, 2020",240/2020,2020308427,44070,4,4,8,9
August 28,8/28/2020,"August 28, 2020",241/2020,2020308428,44071,4,4,8,9
August 29,8/29/2020,"August 29, 2020",242/2020,2020308529,44072,4,5,8,9
August 30,8/30/2020,"August 30, 2020",243/2020,2020308530,44073,5,5,9,9
August 31,8/31/2020,"August 31, 2020",244/2020,2020308531,44074,5,5,9,9
September 01,9/1/2020,"September 01, 2020",245/2020,2020309101,44075,0,1,9,9
September 02,9/2/2020,"September 02, 2020",246/2020,2020309102,44076,0,1,9,10
September 03,9/3/2020,"September 03, 2020",247/2020,2020309103,44077,0,1,9,10
September 04,9/4/2020,"September 04, 2020",248/2020,2020309104,44078,0,1,9,10
September 05,9/5/2020,"September 05, 2020",249/2020,2020309105,44079,0,1,9,10
September 06,9/6/2020,"September 06, 2020",250/2020,2020309106,44080,1,1,10,10
September 07,9/7/2020,"September 07, 2020",251/2020,2020309107,44081,1,1,10,10
September 08,9/8/2020,"September 08, 2020",252/2020,2020309208,44082,1,2,10,10
September 09,9/9/2020,"September 09, 2020",253/2020,2020309209,44083,1,2,10,11
September 10,9/10/2020,"September 10, 2020",254/2020,2020309210,44084,1,2,10,11
September 11,9/11/2020,"September 11, 2020",255/2020,2020309211,44085,1,2,10,11
September 12,9/12/2020,"September 12, 2020",256/2020,2020309212,44086,1,2,10,11
September 13,9/13/2020,"September 13, 2020",257/2020,2020309213,44087,2,2,11,11
September 14,9/14/2020,"September 14, 2020",258/2020,2020309214,44088,2,2,11,11
September 15,9/15/2020,"September 15, 2020",259/2020,2020309315,44089,2,3,11,11
September 16,9/16/2020,"September 16, 2020",260/2020,2020309316,44090,2,3,11,12
September 17,9/17/2020,"September 17, 2020",261/2020,2020309317,44091,2,3,11,12
September 18,9/18/2020,"September 18, 2020",262/2020,2020309318,44092,2,3,11,12
September 19,9/19/2020,"September 19, 2020",263/2020,2020309319,44093,2,3,11,12
September 20,9/20/2020,"September 20, 2020",264/2020,2020309320,44094,3,3,12,12
September 21,9/21/2020,"September 21, 2020",265/2020,2020309321,44095,3,3,12,12
September 22,9/22/2020,"September 22, 2020",266/2020,2020309422,44096,3,4,12,12
September 23,9/23/2020,"September 23, 2020",267/2020,2020309423,44097,3,4,12,13
September 24,9/24/2020,"September 24, 2020",268/2020,2020309424,44098,3,4,12,13
September 25,9/25/2020,"September 25, 2020",269/2020,2020309425,44099,3,4,12,13
September 26,9/26/2020,"September 26, 2020",270/2020,2020309426,44100,3,4,12,13
September 27,9/27/2020,"September 27, 2020",271/2020,2020309427,44101,4,4,13,13
September 28,9/28/2020,"September 28, 2020",272/2020,2020309428,44102,4,4,13,13
September 29,9/29/2020,"September 29, 2020",273/2020,2020309529,44103,4,5,13,13
September 30,9/30/2020,"September 30, 2020",274/2020,2020309530,44104,4,5,13,14
October 01,10/1/2020,"October 01, 2020",275/2020,2020410101,44105,0,1,0,1
October 02,10/2/2020,"October 02, 2020",276/2020,2020410102,44106,0,1,0,1
October 03,10/3/2020,"October 03, 2020",277/2020,2020410103,44107,0,1,0,1
October 04,10/4/2020,"October 04, 2020",278/2020,2020410104,44108,1,1,1,1
October 05,10/5/2020,"October 05, 2020",279/2020,2020410105,44109,1,1,1,1
October 06,10/6/2020,"October 06, 2020",280/2020,2020410106,44110,1,1,1,1
October 07,10/7/2020,"October 07, 2020",281/2020,2020410107,44111,1,1,1,1
October 08,10/8/2020,"October 08, 2020",282/2020,2020410208,44112,1,2,1,2
October 09,10/9/2020,"October 09, 2020",283/2020,2020410209,44113,1,2,1,2
October 10,10/10/2020,"October 10, 2020",284/2020,2020410210,44114,1,2,1,2
October 11,10/11/2020,"October 11, 2020",285/2020,2020410211,44115,2,2,2,2
October 12,10/12/2020,"October 12, 2020",286/2020,2020410212,44116,2,2,2,2
October 13,10/13/2020,"October 13, 2020",287/2020,2020410213,44117,2,2,2,2
October 14,10/14/2020,"October 14, 2020",288/2020,2020410214,44118,2,2,2,2
October 15,10/15/2020,"October 15, 2020",289/2020,2020410315,44119,2,3,2,3
October 16,10/16/2020,"October 16, 2020",290/2020,2020410316,44120,2,3,2,3
October 17,10/17/2020,"October 17, 2020",291/2020,2020410317,44121,2,3,2,3
October 18,10/18/2020,"October 18, 2020",292/2020,2020410318,44122,3,3,3,3
October 19,10/19/2020,"October 19, 2020",293/2020,2020410319,44123,3,3,3,3
October 20,10/20/2020,"October 20, 2020",294/2020,2020410320,44124,3,3,3,3
October 21,10/21/2020,"October 21, 2020",295/2020,2020410321,44125,3,3,3,3
October 22,10/22/2020,"October 22, 2020",296/2020,2020410422,44126,3,4,3,4
October 23,10/23/2020,"October 23, 2020",297/2020,2020410423,44127,3,4,3,4
October 24,10/24/2020,"October 24, 2020",298/2020,2020410424,44128,3,4,3,4
October 25,10/25/2020,"October 25, 2020",299/2020,2020410425,44129,4,4,4,4
October 26,10/26/2020,"October 26, 2020",300/2020,2020410426,44130,4,4,4,4
October 27,10/27/2020,"October 27, 2020",301/2020,2020410427,44131,4,4,4,4
October 28,10/28/2020,"October 28, 2020",302/2020,2020410428,44132,4,4,4,4
October 29,10/29/2020,"October 29, 2020",303/2020,2020410529,44133,4,5,4,5
October 30,10/30/2020,"October 30, 2020",304/2020,2020410530,44134,4,5,4,5
October 31,10/31/2020,"October 31, 2020",305/2020,2020410531,44135,4,5,4,5
November 01,11/1/2020,"November 01, 2020",306/2020,2020411101,44136,1,1,5,5
November 02,11/2/2020,"November 02, 2020",307/2020,2020411102,44137,1,1,5,5
November 03,11/3/2020,"November 03, 2020",308/2020,2020411103,44138,1,1,5,5
November 04,11/4/2020,"November 04, 2020",309/2020,2020411104,44139,1,1,5,5
November 05,11/5/2020,"November 05, 2020",310/2020,2020411105,44140,1,1,5,6
November 06,11/6/2020,"November 06, 2020",311/2020,2020411106,44141,1,1,5,6
November 07,11/7/2020,"November 07, 2020",312/2020,2020411107,44142,1,1,5,6
November 08,11/8/2020,"November 08, 2020",313/2020,2020411208,44143,2,2,6,6
November 09,11/9/2020,"November 09, 2020",314/2020,2020411209,44144,2,2,6,6
November 10,11/10/2020,"November 10, 2020",315/2020,2020411210,44145,2,2,6,6
November 11,11/11/2020,"November 11, 2020",316/2020,2020411211,44146,2,2,6,6
November 12,11/12/2020,"November 12, 2020",317/2020,2020411212,44147,2,2,6,7
November 13,11/13/2020,"November 13, 2020",318/2020,2020411213,44148,2,2,6,7
November 14,11/14/2020,"November 14, 2020",319/2020,2020411214,44149,2,2,6,7
November 15,11/15/2020,"November 15, 2020",320/2020,2020411315,44150,3,3,7,7
November 16,11/16/2020,"November 16, 2020",321/2020,2020411316,44151,3,3,7,7
November 17,11/17/2020,"November 17, 2020",322/2020,2020411317,44152,3,3,7,7
November 18,11/18/2020,"November 18, 2020",323/2020,2020411318,44153,3,3,7,7
November 19,11/19/2020,"November 19, 2020",324/2020,2020411319,44154,3,3,7,8
November 20,11/20/2020,"November 20, 2020",325/2020,2020411320,44155,3,3,7,8
November 21,11/21/2020,"November 21, 2020",326/2020,2020411321,44156,3,3,7,8
November 22,11/22/2020,"November 22, 2020",327/2020,2020411422,44157,4,4,8,8
November 23,11/23/2020,"November 23, 2020",328/2020,2020411423,44158,4,4,8,8
November 24,11/24/2020,"November 24, 2020",329/2020,2020411424,44159,4,4,8,8
November 25,11/25/2020,"November 25, 2020",330/2020,2020411425,44160,4,4,8,8
November 26,11/26/2020,"November 26, 2020",331/2020,2020411426,44161,4,4,8,9
November 27,11/27/2020,"November 27, 2020",332/2020,2020411427,44162,4,4,8,9
November 28,11/28/2020,"November 28, 2020",333/2020,2020411428,44163,4,4,8,9
November 29,11/29/2020,"November 29, 2020",334/2020,2020411529,44164,5,5,9,9
November 30,11/30/2020,"November 30, 2020",335/2020,2020411530,44165,5,5,9,9
December 01,12/1/2020,"December 01, 2020",336/2020,2020412101,44166,0,1,9,9
December 02,12/2/2020,"December 02, 2020",337/2020,2020412102,44167,0,1,9,9
December 03,12/3/2020,"December 03, 2020",338/2020,2020412103,44168,0,1,9,10
December 04,12/4/2020,"December 04, 2020",339/2020,2020412104,44169,0,1,9,10
December 05,12/5/2020,"December 05, 2020",340/2020,2020412105,44170,0,1,9,10
December 06,12/6/2020,"December 06, 2020",341/2020,2020412106,44171,1,1,10,10
December 07,12/7/2020,"December 07, 2020",342/2020,2020412107,44172,1,1,10,10
December 08,12/8/2020,"December 08, 2020",343/2020,2020412208,44173,1,2,10,10
December 09,12/9/2020,"December 09, 2020",344/2020,2020412209,44174,1,2,10,10
December 10,12/10/2020,"December 10, 2020",345/2020,2020412210,44175,1,2,10,11
December 11,12/11/2020,"December 11, 2020",346/2020,2020412211,44176,1,2,10,11
December 12,12/12/2020,"December 12, 2020",347/2020,2020412212,44177,1,2,10,11
December 13,12/13/2020,"December 13, 2020",348/2020,2020412213,44178,2,2,11,11
December 14,12/14/2020,"December 14, 2020",349/2020,2020412214,44179,2,2,11,11
December 15,12/15/2020,"December 15, 2020",350/2020,2020412315,44180,2,3,11,11
December 16,12/16/2020,"December 16, 2020",351/2020,2020412316,44181,2,3,11,11
December 17,12/17/2020,"December 17, 2020",352/2020,2020412317,44182,2,3,11,12
December 18,12/18/2020,"December 18, 2020",353/2020,2020412318,44183,2,3,11,12
December 19,12/19/2020,"December 19, 2020",354/2020,2020412319,44184,2,3,11,12
December 20,12/20/2020,"December 20, 2020",355/2020,2020412320,44185,3,3,12,12
December 21,12/21/2020,"December 21, 2020",356/2020,2020412321,44186,3,3,12,12
December 22,12/22/2020,"December 22, 2020",357/2020,2020412422,44187,3,4,12,12
December 23,12/23/2020,"December 23, 2020",358/2020,2020412423,44188,3,4,12,12
December 24,12/24/2020,"December 24, 2020",359/2020,2020412424,44189,3,4,12,13
December 25,12/25/2020,"December 25, 2020",360/2020,2020412425,44190,3,4,12,13
December 26,12/26/2020,"December 26, 2020",361/2020,2020412426,44191,3,4,12,13
December 27,12/27/2020,"December 27, 2020",362/2020,2020412427,44192,4,4,13,13
December 28,12/28/2020,"December 28, 2020",363/2020,2020412428,44193,4,4,13,13
December 29,12/29/2020,"December 29, 2020",364/2020,2020412529,44194,4,5,13,13
December 30,12/30/2020,"December 30, 2020",365/2020,2020412530,44195,4,5,13,13
December 31,12/31/2020,"December 31, 2020",366/2020,2020412531,44196,4,5,13,14